LanceSilver1,2,"#ASLIMTASLAM'S   #ISLAM'S INVITATION TO #ALLAH,   &amp; IF NOT ACCEPTED BY #KAFIRS,   CREATES DEFENSIVE #JIHAD FOR #MUSLIMS! https://t.co/4JFDEnHxxM",Nan
HameenNSRE,2,I never thought thispain a last this many years.Still in tears! Rip Jihad ,Nan
LanceSilver1,2,"RT @LanceSilver1: #ASLIMTASLAM'S   #ISLAM'S INVITATION TO #ALLAH,   &amp; IF NOT ACCEPTED BY #KAFIRS,   CREATES DEFENSIVE #JIHAD FOR #MUSLIMS! ",Nan
ShlomoHayim,2,"RT @LanceSilver1: #ASLIMTASLAM'S   #ISLAM'S INVITATION TO #ALLAH,   &amp; IF NOT ACCEPTED BY #KAFIRS,   CREATES DEFENSIVE #JIHAD FOR #MUSLIMS! ",Nan
mr_markjacobs,2,"RT @AdamMilstein: #Netherlands refuses to take action against calls to slaughter Jews, jihad flags &amp;  Nazi salutes by pro-Palestinian ",0
EstelleSmith64,2,"RT @AdamMilstein: #Netherlands refuses to take action against calls to slaughter Jews, jihad flags &amp;  Nazi salutes by pro-Palestinian ",0
xxmrsbxx35,2,"RT @jihadwatchRS: Somalia: Jihad groups demented beheadings, killing of Christians on the rise, 9,000 jihadis ready https://t.co/WFNRaoK",Nan
anneabillen,2,Sheffield Rape Jihad: Female Sexually Assaulted On Way To Work During Daytime https://t.co/tlVKZwla2c via @KafirCrusaders,Nan
uk_expat,2,UK Primary school teacher 'urged Muslims to take up Jihad and establish global caliphate https://t.co/I0V0Acigyk v https://t.co/JnOylWuv88,Nan
stephenhawes2,2,RT @UKInfidel: #IslamExposed: #IslamicState Massacres #Christians in #Philippines: https://t.co/FPGpcTRbzt      #Marawi      #terrorism      #jihad,0
tinku_jiya007,2,"@tufailelif And that has a lot to do with the way Muslim youth behaves. Calling others kafirs, love jihad doesn't h https://t.co/jKAeiwfXtt",1
stephenhawes2,2,RT @UKInfidel: #IslamExposed: #IslamicState Recruiter Offers Women Before #Jihad Martyrdom: https://t.co/nLgdG3VVY9      #India      #terrorism,0
Talk_Sheffield,2,RT @anneabillen: Sheffield Rape Jihad: Female Sexually Assaulted On Way To Work During Daytime https://t.co/tlVKZwla2c via @KafirCrusaders,Nan
GorillaEatzPie,2,"RT @jihadwatchRS: Somalia: Jihad groups demented beheadings, killing of Christians on the rise, 9,000 jihadis ready https://t.co/WFNRaoK",Nan
WeWonHowBoutdat,2,"RT @jihadwatchRS: Somalia: Jihad groups demented beheadings, killing of Christians on the rise, 9,000 jihadis ready https://t.co/WFNRaoK",Nan
jintyrose,2,"RT @jihadwatchRS: Somalia: Jihad groups demented beheadings, killing of Christians on the rise, 9,000 jihadis ready https://t.co/WFNRaoK",Nan
RamRock,2,"Somalia: Jihad groups demented beheadings, killing of Christians on the rise, 9,000 jihadis ready https://t.co/gz236qv8uG va @REYPELAYO1",Nan
islamoinform,2,Abu Bakr al-Baghdadi fends off challenges for jihad leadership - https://t.co/Sq4DsMUpve https://t.co/EJ9Zv89wTE,Nan
Stephen_Gash,2,@2010LeeHurst @TRobinsonNewEra    Fat chance. We keep letting jihadi preachers into the UK while banning their critic https://t.co/7kZq28LEO0,0
Iamfoxy3,2,RT @Stephen_Gash: @2010LeeHurst @TRobinsonNewEra    Fat chance. We keep letting jihadi preachers into the UK while banning their critic ,0
petitejean1,2,RT @V_of_Europe: UK: Primary school teacher urged Muslims to take up Jihad and establish global caliphate https://t.co/Vnl4sgp3sy,Nan
Warx2TheMovie,2,RT @V_of_Europe: Spain attacks suspect 'had given jihad warning to brother' https://t.co/syBjY3vDK0,0
Warx2TheMovie,2,RT @V_of_Europe: UK: Primary school teacher urged Muslims to take up Jihad and establish global caliphate https://t.co/Vnl4sgp3sy,Nan
427L88,2,"RT @jihadwatchRS: Somalia: Jihad groups demented beheadings, killing of Christians on the rise, 9,000 jihadis ready https://t.co/WFNRaoK",Nan
harden_beverly,2,RT @V_of_Europe: UK: Primary school teacher urged Muslims to take up Jihad and establish global caliphate https://t.co/Vnl4sgp3sy,Nan
TrannyRebel,2,Allahu Akbar! My Canada includes Jihad --- happy Eid everyone --- time to slaughter a goat #Islamification https://t.co/b28uJsq2lX,Nan
anderbot_,2,Jihadi economical crimes against non-Muslims for the sake of financing other variants of Jihad.,1
Conscores,2,This isn't TERRORISM this is JIHAD. https://t.co/KyHHUrSiSx @politicalislam #Paris #ParisAttacks https://t.co/v2tqE2isFk,Nan
SJBSH,2,"Jihad is for killing the Kafir, the rest is taqiya https://t.co/VPPoNUaA5o",0
shereen__Nasser,2,I m at #jihad now    Diet Jihadist    i m hungry but I do not want to eat at 2 am    &amp; I cannot sleep bc I m hungry    Jihad at its best #weightloss,1
kiki00312,2,"RT @jihadwatchRS: Somalia: Jihad groups demented beheadings, killing of Christians on the rise, 9,000 jihadis ready https://t.co/WFNRaoK",Nan
DuranGraphics,2,"RT @jihadwatchRS: Somalia: Jihad groups demented beheadings, killing of Christians on the rise, 9,000 jihadis ready https://t.co/WFNRaoK",Nan
hatedbeauty123,2,"RT @AdamMilstein: #Netherlands refuses to take action against calls to slaughter Jews, jihad flags &amp;  Nazi salutes by pro-Palestinian ",0
THUCTAU_Center,2,The True Jihadist - What truly is Jihad? What comes to core of your mind when you hear the word... https://t.co/8314tekqLh,Nan
BrexitNoww,2,RT @V_of_Europe: Spain attacks suspect 'had given jihad warning to brother' https://t.co/syBjY3vDK0,0
BrexitNoww,2,RT @V_of_Europe: UK: Primary school teacher urged Muslims to take up Jihad and establish global caliphate https://t.co/Vnl4sgp3sy,Nan
DjinnThe,2,RT @V_of_Europe: Spain attacks suspect 'had given jihad warning to brother' https://t.co/syBjY3vDK0,0
JewishRescueOrg,2,Israel Defense Forces Home Front Command   https://t.co/y3059dbF76   #Israel #Jewish #Jihad #terrorism #earthquake #Harvey #HarveyRelief,0
NewsUpdate24Int,2,"1,2,3,4- Love Jihad: How vulnerable Hindu women are trapped in four steps: https://t.co/DQmRPxG6uh - Terrorism Watch #Latest",0
HarishS66284892,2,"RT @trunils: Ahem... Maulana Madani slams media, says ""Jihad &amp; terrorism not same, jihad constructive, Madarsa not terrorist hub"" https://t",Nan
ChimeIkejiaku,2,"RT @valbrownmc: FACT! #OBAMA WAS STOOGE TO GEORGE SORO &amp; JIHADIST ARAB NATIONS, TO DESTROY AMERICA, THROUGH JIHAD &amp; WORLD ORDER https://t.c",Nan
ChimeIkejiaku,2,"RT @valbrownmc: FACT! #OBAMA WAS STOOGE TO GEORGE SORO &amp; JIHADIST ARAB NATIONS, TO DESTROY AMERICA, THROUGH JIHAD &amp; WORLD ORDER https://t.c",Nan
anuuragj,2,"RT @trunils: Ahem... Maulana Madani slams media, says ""Jihad &amp; terrorism not same, jihad constructive, Madarsa not terrorist hub"" https://t",Nan
ChimeIkejiaku,2,"RT @valbrownmc: FACT! #OBAMA WAS STOOGE TO GEORGE SORO &amp; JIHADIST ARAB NATIONS, TO DESTROY AMERICA, THROUGH JIHAD &amp; WORLD ORDER https://t.c",Nan
JMHaircut,2,"RT @ptauthor: RT jihadwatchRS ""Somalia: Jihad groups demented beheadings, killing of Christians on the rise, 9,000 jihadis re https://t",0
SmjSri,2,"RT @trunils: Ahem... Maulana Madani slams media, says ""Jihad &amp; terrorism not same, jihad constructive, Madarsa not terrorist hub"" https://t",Nan
Chris_A10_USA,2,#UK : Primary school teacher urged Muslims to wage jihad and establish caliphate https://t.co/dCu0I29kVW,Nan
bdn42311,2,RT @2tweetaboutit: EU Laws Prevented Spain Deporting Barcelona Jihad Mastermind https://t.co/M2NxSeGOWk via @pamelageller,Nan
dannys640,2,@trunils Maulana Madani is saying that the Madarsa is a jihadi hub and that jihad is constructive. He must clarify https://t.co/fpXqNxd8kw,1
dannys640,2,"RT @trunils: Ahem... Maulana Madani slams media, says ""Jihad &amp; terrorism not same, jihad constructive, Madarsa not terrorist hub"" https://t",Nan
dannys640,2,RT @dannys640: @trunils Maulana Madani is saying that the Madarsa is a jihadi hub and that jihad is constructive. He must clarify ,1
ranjitthiya,2,"RT @trunils: Ahem... Maulana Madani slams media, says ""Jihad &amp; terrorism not same, jihad constructive, Madarsa not terrorist hub"" https://t",Nan
bizarro9,2,SAUDI'S STILL SUPPLYING THEIR SURROGATE JIHADIST.  SAME TYPE WEAPONS FOUND IN SOUTH SYRIA RECENTLY AMONG JIHAD TERR https://t.co/yFZg5Kl3qc,Nan
HimanshuY11,2,@RanaAyyub All this filth about terrorism jihad sex slaves murders conversation sex slave was praticed and preached by Mohammed,0
gaurishpuranik,2,RT @hindujagrutiorg: Kerala Love Jihad : NIA report reveals how jihadi organisations prey on Hindu girls https://t.co/KdrF64iZ8M https://t.,Nan
StargazerLH,2,"RT @jihadwatchRS: Somalia: Jihad groups demented beheadings, killing of Christians on the rise, 9,000 jihadis ready https://t.co/WFNRaoK",Nan
isthewholetruth,2,https://t.co/vSqP5xVLuL      @RachelNotley       I am #inviting #Muslims to a #New #Way of #Life.      #Terrorism #jihad https://t.co/kl18dNe4NR,Nan
isthewholetruth,2,https://t.co/vSqP5xVLuL      @RachelNotley       I am #inviting #Muslims to a #New #Way of #Life.      #Terrorism #jihad https://t.co/kl18dNe4NR,Nan
RayUngerer,2,RT @AmyMek: HALAL JIHAD!      Beware you are inadvertantly supporting Islamic terrorism by buying halal food at Sharia Whole Foods ,Nan
RayUngerer,2,RT @AmyMek: HALAL JIHAD!      Beware you are inadvertantly supporting Islamic terrorism by buying halal food at Sharia Whole Foods ,Nan
RayUngerer,2,RT @AmyMek: HALAL JIHAD!      Beware you are inadvertantly supporting Islamic terrorism by buying halal food at Sharia Whole Foods ,Nan
RolandBasilides,2,RT @V_of_Europe: UK: Primary school teacher urged Muslims to take up Jihad and establish global caliphate https://t.co/Vnl4sgp3sy,Nan
BergeronMarti,2,"Security chief says UK is home to 35,000 Islamic jihadis https://t.co/cEdjjD5xSD",Nan
52Evo,2,"RT @jihadwatchRS: Security chief says UK is home to 35,000 Islamic jihadis https://t.co/pRZ1kNuSUs",Nan
theashok1949,2,"RT @saffron_lioness: It's Evident that @pbhushan1 is Jihadi&amp; Commie Mole,HeavilyPaid To Work Against Nation   3rd Degree Interrogation wld ",Nan
hocine_101,2,RT @OccuPalestine: Jihadi Abu Ivanka Al-NewYorki waging ZIOsharia-Law https://t.co/UJgcHtI960,Nan
Lucan07,2,RT @Lucan07: Jihadists Exploit Welfare Benefits &amp; will never contribute a damn thing Millions more professional state scroungers! https://t,0
MrSuperItalian,2,"RT @camboviet: Security chief says UK is home to 35,000 Islamic jihadis https://t.co/jjwLUQLVQw",Neutral
ultrascanhumint,3,Jihadist Khaled Sharrouf cruelled last-ditch rescue of his kids: Working through his contacts https://t.co/lZrxvQ9TOM #Terrorism #Security,Neutral
UltrascanMENA,3,Jihadist Khaled Sharrouf cruelled last-ditch rescue of his kids: Working through his contacts https://t.co/FI87GI0R3t #Terrorism #Security,Neutral
